{
    "Fly Ash Carbon Content": {
        "0": {
            "start": 17,
            "end": 22,
            "value": -0.2007
        },
        "1": {
            "start": 27,
            "end": 29,
            "value": 0.1617
        },
        "2": {
            "start": 71,
            "end": 73,
            "value": -0.2007
        },
        "3": {
            "start": 77,
            "end": 79,
            "value": 0.2007
        }
    },
    "Efficiency": {
        "0": {
            "start": 14,
            "end": 22,
            "value": 1.269999999999996
        },
        "1": {
            "start": 27,
            "end": 32,
            "value": -1.2999999999999972
        },
        "2": {
            "start": 32,
            "end": 35,
            "value": 0.4300000000000068
        },
        "3": {
            "start": 37,
            "end": 41,
            "value": -0.4100000000000108
        },
        "4": {
            "start": 43,
            "end": 46,
            "value": 0.23000000000000398
        },
        "5": {
            "start": 49,
            "end": 50,
            "value": 0.28000000000000114
        },
        "6": {
            "start": 59,
            "end": 68,
            "value": -0.8999999999999915
        },
        "7": {
            "start": 69,
            "end": 77,
            "value": 1.8199999999999932
        },
        "8": {
            "start": 77,
            "end": 87,
            "value": -1.1700000000000017
        },
        "9": {
            "start": 87,
            "end": 89,
            "value": 0.060000000000002274
        }
    }
}